Episode,Score,Steps,Epsilon,Avg_Loss,Wall_Hits,Coins
1,1118.9999999999998,233,0.9995,0,79,25
2,2840.5000000000573,750,0.9990002500000001,0,346,62
