Episode,Score,Steps,Epsilon,Avg_Loss,Wall_Hits,Coins
1,115.80000000000439,930,0.999,2.840830366890942,57,36
2,18.600000000000705,418,0.998001,11.033276822720989,33,19
